{
  "items": {
    "type": "itemgrid",
    "h_alignment": "center",
    "item_margin": "1,1",
    "item_size": 36,
    "rows": [
      [
        "sword",
        "shield",
        "lift1",
        "boots",
        "flippers",
        "mushroom",
        "powder"
      ],
      [
        "feather",
        "bombs",
        "shovel",
        "ocarina",
        "hookshot",
        "bow",
        "rod"
      ],
      [
        "boomerang",
        "rooster",
        "bowwow",
        "bottles",
        "shells",
        "goldleaf",
        "armor1"
      ]
    ]
  },
  "items2": {
    "type": "itemgrid",
    "h_alignment": "center",
    "margin": "8,0,8,0",
    "item_margin": "0,-1",
    "item_size": 29,
    "rows": [
      [
        "ballad",
        "manbo",
        "frog",
        "tail",
        "slime",
        "angler",
        "face",
        "bird",
        "chamberstones"
      ]
    ]
  },
  "items3": {
    "type": "itemgrid",
    "h_alignment": "center",
    "margin": "3,5,3,0",
    "item_margin": "1,1",
    "item_size": 37,
    "rows": [
      [
        "yoshi",
        "ribbon",
        "food",
        "bananas",
        "stick",
        "honey",
        "pineapple"
      ],
      [
        "flower",
        "letter",
        "broom",
        "hook",
        "necklace",
        "scale",
        "lens"
      ]
    ]
  },
  "instruments": {
    "type": "array",
    "orientation": "vertical",
    "content": [
      {
        "type": "array",
        "orientation": "horizontal",
        "margin": "20,-5,-2,0",
        "content": [
          {
            "type": "itemgrid",
            "item_margin": "-7,-1",
            "item_size": 60,
            "dock": "left",
            "rows": [
              [
                "cello",
                "conch",
                "bell",
                "harp",
                "marimba"
              ]
            ]
          }
        ]
      },
      {
        "type": "array",
        "orientation": "horizontal",
        "margin": "20,-9,-2,0",
        "content": [
          {
            "type": "itemgrid",
            "dock": "left",
            "item_margin": "0,2",
            "item_size": 15,
            "rows": [
              [
                "d1sk",
                "d1bk",
                "d1beak",
                "d2sk",
                "d2bk",
                "d2beak",
                "d3sk",
                "d3bk",
                "d3beak",
                "d4sk",
                "d4bk",
                "d4beak",
                "d5sk",
                "d5bk",
                "d5beak"
              ]
            ]
          }
        ]
      },
      {
        "type": "array",
        "orientation": "horizontal",
        "margin": "45,-5,-2,0",
        "content": [
          {
            "type": "itemgrid",
            "item_margin": "-7,-1",
            "item_size": 60,
            "dock": "left",
            "rows": [
              [
                "triangle",
                "organ",
                "drum",
                "fairyq"
              ]
            ]
          }
        ]
      },
      {
        "type": "array",
        "orientation": "horizontal",
        "margin": "40,-9,-2,0",
        "content": [
          {
            "type": "itemgrid",
            "dock": "left",
            "item_margin": "0,2",
            "item_size": 15,
            "rows": [
              [
                "d6sk",
                "d6bk",
                "d6beak",
                "d7sk",
                "d7bk",
                "d7beak",
                "d8sk",
                "d8bk",
                "d8beak",
                "d0sk",
                "d0bk",
                "d0beak"
              ]
            ]
          }
        ]
      }
    ]
  },
  "settings_popup": {
    "type": "array",
    "orientation": "vertical",
    "background": "#212121",
    "content": [
      {
        "type": "array",
        "orientation": "vertical",
        "content": [
          {
            "type": "itemgrid",
            "h_alignment": "center",
            "item_margin": "5,0",
            "item_size": 60,
            "rows": [
              [
                "s_hp",
                "s_ss",
                "s_tq",
                "l_bas",
                "badpets"
              ],
              [
                "shop",
                "fishing",
                "owlstatue",
                "mansion",
                "freebook"
              ],
              [
                "trendy",
                "rapids",
                "dampe",
                "d0rupee",
                "kanalet"
              ]
            ]
          },
          {
            "type": "itemgrid",
            "h_alignment": "center",
            "item_margin": "2,0",
            "item_size": 55,
            "rows": [
              [
                "classic_off",
                "opencastle",
                "dungeon_er_off",
                "openmabe",
                "openmamu",
                "faststalfos"
              ]
            ]
          },
          {
            "type": "itemgrid",
            "header": "Tail Cave | Bottle Grotto | Key Cavern",
            "h_alignment": "center",
            "margin": "5,5",
            "item_margin": "-5,0",
            "item_size": 60,
            "rows": [
              [
                "","tcdX","","bgdX","","kcdX",""
              ]
            ]
          },
          {
            "type": "itemgrid",
            "h_alignment": "center",
            "margin": "5,5",
            "item_margin": "-5,0",
            "item_size": 60,
            "rows": [
              [
                "","atdX","","cmdX","","fsdX",""
              ]
            ]
          },
          {
            "type": "itemgrid",
            "h_alignment": "center",
            "margin": "5,5",
            "item_margin": "-5,0",
            "item_size": 60,
            "rows": [
              [
                "","etdX","","trdX","","cddX",""
              ]
            ]
          }
        ]
      }
    ]
  },
  "egg_path": {
    "type": "itemgrid",
    "h_alignment": "center",
    "margin": "8,0,8,0",
    "item_margin": "0,10",
    "item_size": 33,
    "rows": [
      [
        "up1",
        "up2",
        "up3",
        "up4",
        "up5",
        "up6",
        "up7",
        "up8"
      ]
    ]
  },
  "dungeons123": {
    "type": "itemgrid",
    "h_alignment": "center",
    "margin": "14,0",
    "item_margin": "-4,0",
    "item_size": 55,
    "rows": [
      [
        "tcdX","","bgdX","","kcdX"
      ]
    ]
  },
  "dungeons456": {
    "type": "itemgrid",
    "h_alignment": "center",
    "margin": "14,0",
    "item_margin": "-4,0",
    "item_size": 55,
    "rows": [
      [
        "atdX","","cmdX","","fsdX"
      ]
    ]
  },
  "dungeons780": {
    "type": "itemgrid",
    "h_alignment": "center",
    "margin": "14,0",
    "item_margin": "-4,0",
    "item_size": 55,
    "rows": [
      [
        "etdX","","trdX","","cddX"
      ]
    ]
  },
  "item_grid": {
    "type": "array",
    "orientation": "vertical",
    "content": [
      {
        "type": "layout",
        "key": "items"
      },
      {
        "type": "layout",
        "key": "items2"
      },
      {
        "type": "layout",
        "key": "items3"
      },
      {
        "type": "layout",
        "key": "instruments"
      },
      {
        "type": "layout",
        "key": "egg_path"
      }
    ]
  }
}