{
    "tracker_right_map": {
        "type": "container",
        "background": "#212121",
        "content": {
            "type": "dock",
            "dropshadow": "true",
            "content": [
                {
                    "type": "dock",
                    "dock": "left",
                    "orientation": "vertical",
                    "v_alignment": "stretch",
                    "margin": "0,0,3,0",
                    "content": [
                        {
                            "type": "group",
                            "background": "#212121",
                            "header": "Items",
                            "dock": "top",
                            "content": {
                                "type": "layout",
                                "key": "item_grid"
                            }
                        }
                        //{
                        //    "type": "group",
                        //    "background": "#212121",
                        //    "header": "Tail Cave   |   Bottle Grotto  |  Key Cavern",
                        //    "dock": "top",
                        //    "content": {
                        //        "type": "layout",
                        //        //"v_alignment": "stretch",
                        //        "key": "dungeons123",
                        //        "h_alignment": "stretch",
                        //        "v_alignment": "stretch",
                        //        "orientation": "vertical"
                        //    }
                        //},
                        //{
                        //    "type": "group",
                        //    "background": "#212121",
                        //    "header": "Angler's T.  | Catfish's Maw |  Face Shrine",
                        //    "dock": "top",
                        //    "content": {
                        //        "type": "layout",
                        //        //"v_alignment": "stretch",
                        //        "key": "dungeons456",
                        //        "h_alignment": "stretch",
                        //        "v_alignment": "stretch",
                        //        "orientation": "vertical"
                        //    }
                        //},
                        //{
                        //    "type": "group",
                        //    "background": "#212121",
                        //    "header": "Eagle's T.   |   Turtle Rock   |   Color Dun.",
                        //    "dock": "top",
                        //    "content": {
                        //        "type": "layout",
                        //        //"v_alignment": "stretch",
                        //        "key": "dungeons780",
                        //        "h_alignment": "stretch",
                        //        "v_alignment": "stretch",
                        //        "orientation": "vertical"
                        //    }
                        //}
                        //{
                        //    "type": "group",
                        //    "background": "#212121",
                        //    "header": "Settings",
                        //    "dock": "bottom",
                        //    "content": {
                        //        "type": "layout",
                        //        //"v_alignment": "stretch",
                        //        "key": "settings_grid",
                        //        "h_alignment": "stretch",
                        //        "v_alignment": "stretch",
                        //        "orientation": "vertical"
                        //    }
                        //},
                        //{
                        //    "type": "group",
                        //    "background": "#212121",
                        //    //"header": "Pinned Locations",
                        //    "content": {
                        //        "type": "recentpins",
                        //        "style": "wrap",
                        //        "h_alignment": "stretch",
                        //        "v_alignment": "stretch",
                        //        "orientation": "vertical",
                        //        "compact": true
                        //    }
                        //}
                    ]
                },
                {
                    "type": "dock",
                    "content": [
                        {
                            "type": "tabbed",
                            "dock": "top",
                            "tabs": [
                                {
                                    "title": "Overworld",
                                    "content": {
                                        "type": "map",
                                        "maps": [
                                            "map"
                                        ]
                                    }
                                },
                                {
                                    "title": "Tail Cave",
                                    "content": {
                                        "type": "map",
                                        "maps": [
                                            "d1"
                                        ]
                                    }
                                },
                                {
                                    "title": "Bottle Grotto",
                                    "content": {
                                        "type": "map",
                                        "maps": [
                                            "d2"
                                        ]
                                    }
                                },
                                {
                                    "title": "Key Cavern",
                                    "content": {
                                        "type": "map",
                                        "maps": [
                                            "d3"
                                        ]
                                    }
                                },
                                {
                                    "title": "Angler's Tunnel",
                                    "content": {
                                        "type": "map",
                                        "maps": [
                                            "d4"
                                        ]
                                    }
                                },
                                {
                                    "title": "Catfish Maw",
                                    "content": {
                                        "type": "map",
                                        "maps": [
                                            "d5"
                                        ]
                                    }
                                },
                                {
                                    "title": "Face Shrine",
                                    "content": {
                                        "type": "map",
                                        "maps": [
                                            "d6"
                                        ]
                                    }
                                },
                                {
                                    "title": "Eagle Tower",
                                    "content": {
                                        "type": "map",
                                        "maps": [
                                            "d7"
                                        ]
                                    }
                                },
                                {
                                    "title": "Turtle Rock",
                                    "content": {
                                        "type": "map",
                                        "maps": [
                                            "d8"
                                        ]
                                    }
                                },
                                {
                                    "title": "Color Dungeon",
                                    "content": {
                                        "type": "map",
                                        "maps": [
                                            "d0"
                                        ]
                                    }
                                }
                            ]
                        }
                    ]
                }
            ]
        }
    }
}